IP地址,端口,TLS,数据中心,源IP位置,地区,城市,地区(中文),国家,城市(中文)
101.132.172.172,10443,TRUE,SIN,SG,Asia Pacific,Singapore,亚洲,新加坡,新加坡
43.218.77.16,1443,TRUE,CGK,ID,Asia Pacific,Jakarta,亚洲,印度尼西亚,雅加达
45.136.253.18,33273,TRUE,SIN,TH,Asia Pacific,Singapore,亚洲,新加坡,新加坡
47.236.71.60,28443,TRUE,SIN,SG,Asia Pacific,Singapore,亚洲,新加坡,新加坡
45.144.167.223,27125,TRUE,SIN,TH,Asia Pacific,Singapore,亚洲,新加坡,新加坡
8.219.88.178,51898,TRUE,SIN,SG,Asia Pacific,Singapore,亚洲,新加坡,新加坡
47.130.116.139,443,TRUE,SIN,SG,Asia Pacific,Singapore,亚洲,新加坡,新加坡
8.219.198.241,443,TRUE,SIN,SG,Asia Pacific,Singapore,亚洲,新加坡,新加坡
103.117.151.111,2053,TRUE,SIN,TH,Asia Pacific,Singapore,亚洲,新加坡,新加坡
140.245.51.172,52295,TRUE,SIN,SG,Asia Pacific,Singapore,亚洲,新加坡,新加坡
84.247.150.2,7443,TRUE,SIN,SG,Asia Pacific,Singapore,亚洲,新加坡,新加坡
160.22.79.166,443,TRUE,SIN,SG,Asia Pacific,Singapore,亚洲,新加坡,新加坡
168.110.48.180,443,TRUE,SIN,SG,Asia Pacific,Singapore,亚洲,新加坡,新加坡
47.236.180.90,8443,TRUE,SIN,SG,Asia Pacific,Singapore,亚洲,新加坡,新加坡
45.91.134.225,5060,TRUE,SIN,TH,Asia Pacific,Singapore,亚洲,新加坡,新加坡
84.247.146.234,7443,TRUE,SIN,SG,Asia Pacific,Singapore,亚洲,新加坡,新加坡
152.67.194.140,443,TRUE,SIN,SG,Asia Pacific,Singapore,亚洲,新加坡,新加坡
84.247.149.239,7443,TRUE,SIN,SG,Asia Pacific,Singapore,亚洲,新加坡,新加坡
159.223.68.162,443,TRUE,SIN,SG,Asia Pacific,Singapore,亚洲,新加坡,新加坡
82.23.177.174,13825,TRUE,SIN,SG,Asia Pacific,Singapore,亚洲,新加坡,新加坡
146.190.192.201,443,TRUE,SIN,SG,Asia Pacific,Singapore,亚洲,新加坡,新加坡
212.80.215.251,10409,TRUE,SIN,TH,Asia Pacific,Singapore,亚洲,新加坡,新加坡
212.80.213.140,31557,TRUE,SIN,TH,Asia Pacific,Singapore,亚洲,新加坡,新加坡
103.99.11.193,2053,TRUE,SIN,TH,Asia Pacific,Singapore,亚洲,新加坡,新加坡
84.247.146.233,7443,TRUE,SIN,SG,Asia Pacific,Singapore,亚洲,新加坡,新加坡
152.69.228.177,443,TRUE,SIN,SG,Asia Pacific,Singapore,亚洲,新加坡,新加坡
94.74.83.173,45069,TRUE,SIN,SG,Asia Pacific,Singapore,亚洲,新加坡,新加坡
103.195.188.66,22222,TRUE,SIN,SG,Asia Pacific,Singapore,亚洲,新加坡,新加坡
209.97.172.130,8080,TRUE,SIN,SG,Asia Pacific,Singapore,亚洲,新加坡,新加坡
103.99.11.193,8443,TRUE,SIN,TH,Asia Pacific,Singapore,亚洲,新加坡,新加坡
129.154.200.133,443,TRUE,SIN,SG,Asia Pacific,Singapore,亚洲,新加坡,新加坡
130.162.133.149,443,TRUE,SIN,SG,Asia Pacific,Singapore,亚洲,新加坡,新加坡
146.56.185.174,443,TRUE,SIN,SG,Asia Pacific,Singapore,亚洲,新加坡,新加坡
178.239.123.216,24443,TRUE,SIN,SG,Asia Pacific,Singapore,亚洲,新加坡,新加坡
172.86.83.44,42935,TRUE,SIN,SG,Asia Pacific,Singapore,亚洲,新加坡,新加坡
64.235.61.162,7000,TRUE,SIN,SG,Asia Pacific,Singapore,亚洲,新加坡,新加坡
38.244.147.68,2053,TRUE,SIN,SG,Asia Pacific,Singapore,亚洲,新加坡,新加坡
129.150.50.144,42956,TRUE,SIN,SG,Asia Pacific,Singapore,亚洲,新加坡,新加坡
138.2.111.60,60007,TRUE,SIN,SG,Asia Pacific,Singapore,亚洲,新加坡,新加坡
61.245.11.69,2053,TRUE,SIN,PH,Asia Pacific,Singapore,亚洲,新加坡,新加坡
138.2.71.48,48397,TRUE,SIN,SG,Asia Pacific,Singapore,亚洲,新加坡,新加坡
188.166.182.46,8888,TRUE,SIN,SG,Asia Pacific,Singapore,亚洲,新加坡,新加坡
104.238.24.197,443,TRUE,AKX,KZ,Asia Pacific,Aktobe,亚洲,哈萨克斯坦,阿克托别
114.204.41.241,30003,TRUE,ICN,KR,Asia Pacific,Seoul,亚洲,韩国,首尔
1.221.122.2,50000,TRUE,ICN,KR,Asia Pacific,Seoul,亚洲,韩国,首尔
182.211.29.41,20085,TRUE,ICN,KR,Asia Pacific,Seoul,亚洲,韩国,首尔
119.63.250.147,20049,TRUE,ICN,KR,Asia Pacific,Seoul,亚洲,韩国,首尔
106.242.185.158,32784,TRUE,ICN,KR,Asia Pacific,Seoul,亚洲,韩国,首尔
182.224.75.12,10325,TRUE,ICN,KR,Asia Pacific,Seoul,亚洲,韩国,首尔
49.174.170.115,10030,TRUE,ICN,KR,Asia Pacific,Seoul,亚洲,韩国,首尔
124.111.222.10,10142,TRUE,ICN,KR,Asia Pacific,Seoul,亚洲,韩国,首尔
1.176.130.28,50000,TRUE,ICN,KR,Asia Pacific,Seoul,亚洲,韩国,首尔
211.210.202.186,50001,TRUE,ICN,KR,Asia Pacific,Seoul,亚洲,韩国,首尔
58.235.104.145,50000,TRUE,ICN,KR,Asia Pacific,Seoul,亚洲,韩国,首尔
112.146.187.55,29765,TRUE,ICN,KR,Asia Pacific,Seoul,亚洲,韩国,首尔
175.113.29.202,30027,TRUE,ICN,KR,Asia Pacific,Seoul,亚洲,韩国,首尔
58.239.237.226,10379,TRUE,ICN,KR,Asia Pacific,Seoul,亚洲,韩国,首尔
64.176.227.171,443,TRUE,ICN,KR,Asia Pacific,Seoul,亚洲,韩国,首尔
211.215.133.125,18080,TRUE,ICN,KR,Asia Pacific,Seoul,亚洲,韩国,首尔
106.242.64.238,50000,TRUE,ICN,KR,Asia Pacific,Seoul,亚洲,韩国,首尔
182.208.209.54,50000,TRUE,ICN,KR,Asia Pacific,Seoul,亚洲,韩国,首尔
218.209.5.180,50000,TRUE,ICN,KR,Asia Pacific,Seoul,亚洲,韩国,首尔
121.125.185.13,33403,TRUE,ICN,KR,Asia Pacific,Seoul,亚洲,韩国,首尔
124.63.101.43,30037,TRUE,HKG,KR,Asia Pacific,Hong Kong,亚洲,香港,香港
115.91.165.115,50000,TRUE,ICN,KR,Asia Pacific,Seoul,亚洲,韩国,首尔
112.161.221.228,10384,TRUE,ICN,KR,Asia Pacific,Seoul,亚洲,韩国,首尔
211.47.97.167,11017,TRUE,ICN,KR,Asia Pacific,Seoul,亚洲,韩国,首尔
106.252.245.199,50000,TRUE,ICN,KR,Asia Pacific,Seoul,亚洲,韩国,首尔
175.113.11.149,10265,TRUE,ICN,KR,Asia Pacific,Seoul,亚洲,韩国,首尔
175.213.245.239,50000,TRUE,ICN,KR,Asia Pacific,Seoul,亚洲,韩国,首尔
121.151.58.209,30017,TRUE,ICN,KR,Asia Pacific,Seoul,亚洲,韩国,首尔
222.114.206.19,10352,TRUE,ICN,KR,Asia Pacific,Seoul,亚洲,韩国,首尔
115.90.70.246,18983,TRUE,ICN,KR,Asia Pacific,Seoul,亚洲,韩国,首尔
220.118.83.101,60004,TRUE,ICN,KR,Asia Pacific,Seoul,亚洲,韩国,首尔
121.176.175.54,10436,TRUE,ICN,KR,Asia Pacific,Seoul,亚洲,韩国,首尔
220.118.97.223,10990,TRUE,ICN,KR,Asia Pacific,Seoul,亚洲,韩国,首尔
211.63.181.106,10370,TRUE,ICN,KR,Asia Pacific,Seoul,亚洲,韩国,首尔
125.133.18.143,10137,TRUE,ICN,KR,Asia Pacific,Seoul,亚洲,韩国,首尔
118.47.65.248,50000,TRUE,ICN,KR,Asia Pacific,Seoul,亚洲,韩国,首尔
175.207.201.57,50000,TRUE,ICN,KR,Asia Pacific,Seoul,亚洲,韩国,首尔
218.38.109.120,30027,TRUE,ICN,KR,Asia Pacific,Seoul,亚洲,韩国,首尔
193.122.113.180,443,TRUE,SIN,SG,Asia Pacific,Singapore,亚洲,新加坡,新加坡
182.211.29.41,22990,TRUE,ICN,KR,Asia Pacific,Seoul,亚洲,韩国,首尔
222.112.191.5,33334,TRUE,ICN,KR,Asia Pacific,Seoul,亚洲,韩国,首尔
124.61.52.107,10105,TRUE,ICN,KR,Asia Pacific,Seoul,亚洲,韩国,首尔
118.45.150.77,30019,TRUE,ICN,KR,Asia Pacific,Seoul,亚洲,韩国,首尔
221.151.212.249,50000,TRUE,ICN,KR,Asia Pacific,Seoul,亚洲,韩国,首尔
175.120.200.238,50000,TRUE,ICN,KR,Asia Pacific,Seoul,亚洲,韩国,首尔
59.8.196.21,20153,TRUE,ICN,KR,Asia Pacific,Seoul,亚洲,韩国,首尔
124.111.11.3,20067,TRUE,ICN,KR,Asia Pacific,Seoul,亚洲,韩国,首尔
211.229.77.184,33053,TRUE,ICN,KR,Asia Pacific,Seoul,亚洲,韩国,首尔
119.65.139.101,60001,TRUE,ICN,KR,Asia Pacific,Seoul,亚洲,韩国,首尔
39.121.234.38,10182,TRUE,ICN,KR,Asia Pacific,Seoul,亚洲,韩国,首尔
49.175.64.126,50000,TRUE,ICN,KR,Asia Pacific,Seoul,亚洲,韩国,首尔
125.135.43.66,50000,TRUE,ICN,KR,Asia Pacific,Seoul,亚洲,韩国,首尔
119.192.158.53,32779,TRUE,ICN,KR,Asia Pacific,Seoul,亚洲,韩国,首尔
211.192.254.96,50000,TRUE,ICN,KR,Asia Pacific,Seoul,亚洲,韩国,首尔
121.167.58.196,10554,TRUE,ICN,KR,Asia Pacific,Seoul,亚洲,韩国,首尔
59.2.75.64,50001,TRUE,ICN,KR,Asia Pacific,Seoul,亚洲,韩国,首尔
220.80.70.100,12369,TRUE,ICN,KR,Asia Pacific,Seoul,亚洲,韩国,首尔
182.211.29.41,30023,TRUE,ICN,KR,Asia Pacific,Seoul,亚洲,韩国,首尔
121.176.175.54,10263,TRUE,ICN,KR,Asia Pacific,Seoul,亚洲,韩国,首尔
183.97.196.49,50000,TRUE,ICN,KR,Asia Pacific,Seoul,亚洲,韩国,首尔
14.43.156.59,50000,TRUE,ICN,KR,Asia Pacific,Seoul,亚洲,韩国,首尔
221.164.141.35,10307,TRUE,ICN,KR,Asia Pacific,Seoul,亚洲,韩国,首尔
121.154.2.209,10177,TRUE,ICN,KR,Asia Pacific,Seoul,亚洲,韩国,首尔
118.45.138.207,12403,TRUE,ICN,KR,Asia Pacific,Seoul,亚洲,韩国,首尔
147.46.120.110,30122,TRUE,ICN,KR,Asia Pacific,Seoul,亚洲,韩国,首尔
211.47.97.167,10340,TRUE,ICN,KR,Asia Pacific,Seoul,亚洲,韩国,首尔
183.98.87.174,50001,TRUE,ICN,KR,Asia Pacific,Seoul,亚洲,韩国,首尔
121.132.24.246,50001,TRUE,ICN,KR,Asia Pacific,Seoul,亚洲,韩国,首尔
218.156.233.76,50000,TRUE,ICN,KR,Asia Pacific,Seoul,亚洲,韩国,首尔
14.32.12.235,12182,TRUE,ICN,KR,Asia Pacific,Seoul,亚洲,韩国,首尔
112.185.213.4,50001,TRUE,ICN,KR,Asia Pacific,Seoul,亚洲,韩国,首尔
118.41.27.62,12166,TRUE,ICN,KR,Asia Pacific,Seoul,亚洲,韩国,首尔
115.23.240.181,12109,TRUE,ICN,KR,Asia Pacific,Seoul,亚洲,韩国,首尔
222.103.221.171,27002,TRUE,ICN,KR,Asia Pacific,Seoul,亚洲,韩国,首尔
121.152.118.98,10227,TRUE,ICN,KR,Asia Pacific,Seoul,亚洲,韩国,首尔
119.201.195.135,10933,TRUE,ICN,KR,Asia Pacific,Seoul,亚洲,韩国,首尔
121.176.175.54,10277,TRUE,ICN,KR,Asia Pacific,Seoul,亚洲,韩国,首尔
220.83.182.223,50000,TRUE,ICN,KR,Asia Pacific,Seoul,亚洲,韩国,首尔
112.165.11.40,50000,TRUE,ICN,KR,Asia Pacific,Seoul,亚洲,韩国,首尔
121.136.66.77,10050,TRUE,ICN,KR,Asia Pacific,Seoul,亚洲,韩国,首尔
125.137.215.221,50001,TRUE,ICN,KR,Asia Pacific,Seoul,亚洲,韩国,首尔
220.81.10.138,11103,TRUE,ICN,KR,Asia Pacific,Seoul,亚洲,韩国,首尔
117.123.237.115,30013,TRUE,ICN,KR,Asia Pacific,Seoul,亚洲,韩国,首尔
112.186.25.177,18060,TRUE,ICN,KR,Asia Pacific,Seoul,亚洲,韩国,首尔
61.72.176.145,18016,TRUE,ICN,KR,Asia Pacific,Seoul,亚洲,韩国,首尔
220.124.39.201,11300,TRUE,ICN,KR,Asia Pacific,Seoul,亚洲,韩国,首尔
218.147.66.126,20019,TRUE,ICN,KR,Asia Pacific,Seoul,亚洲,韩国,首尔
112.165.215.157,50000,TRUE,ICN,KR,Asia Pacific,Seoul,亚洲,韩国,首尔
124.61.52.107,10198,TRUE,ICN,KR,Asia Pacific,Seoul,亚洲,韩国,首尔
211.105.156.214,50000,TRUE,ICN,KR,Asia Pacific,Seoul,亚洲,韩国,首尔
211.195.83.140,12194,TRUE,ICN,KR,Asia Pacific,Seoul,亚洲,韩国,首尔
119.200.105.210,10211,TRUE,ICN,KR,Asia Pacific,Seoul,亚洲,韩国,首尔
211.229.243.246,10123,TRUE,ICN,KR,Asia Pacific,Seoul,亚洲,韩国,首尔
59.23.24.41,33430,TRUE,ICN,KR,Asia Pacific,Seoul,亚洲,韩国,首尔
121.135.22.254,10333,TRUE,ICN,KR,Asia Pacific,Seoul,亚洲,韩国,首尔
59.29.89.197,20114,TRUE,ICN,KR,Asia Pacific,Seoul,亚洲,韩国,首尔
218.147.68.117,33530,TRUE,ICN,KR,Asia Pacific,Seoul,亚洲,韩国,首尔
210.91.199.121,10325,TRUE,ICN,KR,Asia Pacific,Seoul,亚洲,韩国,首尔
222.113.18.206,10103,TRUE,ICN,KR,Asia Pacific,Seoul,亚洲,韩国,首尔
118.33.229.115,10381,TRUE,ICN,KR,Asia Pacific,Seoul,亚洲,韩国,首尔
112.161.221.228,10051,TRUE,ICN,KR,Asia Pacific,Seoul,亚洲,韩国,首尔
221.159.179.128,12475,TRUE,ICN,KR,Asia Pacific,Seoul,亚洲,韩国,首尔
222.104.213.148,31401,TRUE,ICN,KR,Asia Pacific,Seoul,亚洲,韩国,首尔
211.57.29.229,10071,TRUE,ICN,KR,Asia Pacific,Seoul,亚洲,韩国,首尔
14.32.12.235,10008,TRUE,ICN,KR,Asia Pacific,Seoul,亚洲,韩国,首尔
121.142.128.120,50000,TRUE,ICN,KR,Asia Pacific,Seoul,亚洲,韩国,首尔
175.206.226.93,10305,TRUE,ICN,KR,Asia Pacific,Seoul,亚洲,韩国,首尔
218.151.91.131,12151,TRUE,ICN,KR,Asia Pacific,Seoul,亚洲,韩国,首尔
221.167.103.240,12036,TRUE,ICN,KR,Asia Pacific,Seoul,亚洲,韩国,首尔
119.200.105.210,33403,TRUE,ICN,KR,Asia Pacific,Seoul,亚洲,韩国,首尔
221.161.207.216,50000,TRUE,ICN,KR,Asia Pacific,Seoul,亚洲,韩国,首尔
222.97.1.10,50000,TRUE,ICN,KR,Asia Pacific,Seoul,亚洲,韩国,首尔
117.123.23.173,30029,TRUE,ICN,KR,Asia Pacific,Seoul,亚洲,韩国,首尔
119.201.195.135,12192,TRUE,ICN,KR,Asia Pacific,Seoul,亚洲,韩国,首尔
119.195.219.150,37827,TRUE,ICN,KR,Asia Pacific,Seoul,亚洲,韩国,首尔
121.176.175.54,10362,TRUE,ICN,KR,Asia Pacific,Seoul,亚洲,韩国,首尔
112.173.185.16,30010,TRUE,ICN,KR,Asia Pacific,Seoul,亚洲,韩国,首尔
220.124.39.201,10374,TRUE,ICN,KR,Asia Pacific,Seoul,亚洲,韩国,首尔
121.153.128.196,10216,TRUE,ICN,KR,Asia Pacific,Seoul,亚洲,韩国,首尔
45.78.55.192,23232,TRUE,KIX,JP,Asia Pacific,Osaka,浜娲,ユ,澶ч
166.88.100.12,30025,TRUE,KIX,JP,Asia Pacific,Osaka,浜娲,ユ,澶ч
192.243.119.185,50100,TRUE,NRT,JP,Asia Pacific,Tokyo,浜娲,ユ,涓浜
154.31.116.34,20020,TRUE,NRT,JP,Asia Pacific,Tokyo,浜娲,ユ,涓浜
45.8.115.121,443,TRUE,KIX,JP,Asia Pacific,Osaka,浜娲,ユ,澶ч
